{
            "regression": "Total",
            "loss": "MSE",
            "nb_parameters": 65821.0,
            "time_elapsed": 2787.2182886600494,
            "hparams": {
                        "encoder": [
                                    6,
                                    64,
                                    64,
                                    8
                        ],
                        "decoder": [
                                    8,
                                    64,
                                    64,
                                    5
                        ],
                        "layer": "SAGE",
                        "pool": "random",
                        "nb_scale": 5,
                        "pool_ratio": [
                                    0.5,
                                    0.5,
                                    0.5,
                                    0.5
                        ],
                        "list_r": [
                                    0.05,
                                    0.2,
                                    0.5,
                                    1,
                                    10
                        ],
                        "size_hidden_layers": 8,
                        "batchnorm": true,
                        "res": false,
                        "batch_size": 1,
                        "nb_epochs": 50,
                        "lr": 0.001,
                        "max_neighbors": 5,
                        "subsampling": 32000,
                        "r": 0.05
            },
            "train_loss_surf": 5.888235909598214,
            "train_loss_surf_var": [
                        2.4198920726776123,
                        0.05092384293675423,
                        0.029289131984114647,
                        2.993922472000122,
                        23.947153091430664
            ],
            "train_loss_vol": 0.8327103569394066,
            "train_loss_vol_var": [
                        0.8835260272026062,
                        0.7609152793884277,
                        0.9226247072219849,
                        0.8495060205459595,
                        0.746977686882019
            ],
            "val_loss_surf": 2.900871152637733,
            "val_loss_surf_var": [
                        1.2086866926039672,
                        0.056946081330776596,
                        0.01889237776655743,
                        1.4933913107650976,
                        11.72643908891413
            ],
            "val_loss_vol": 0.662642818901481,
            "val_loss_vol_var": [
                        0.5925394920373541,
                        0.7166161684836779,
                        0.8607256576988018,
                        0.5835377556297722,
                        0.5597949644964603
            ]
}