{
            "regression": "Total",
            "loss": "MSE",
            "nb_parameters": 75181.0,
            "time_elapsed": 3962.2323236465454,
            "hparams": {
                        "encoder": [
                                    5,
                                    64,
                                    64,
                                    8
                        ],
                        "decoder": [
                                    8,
                                    64,
                                    64,
                                    5
                        ],
                        "base_nb": 8,
                        "batch_size": 1,
                        "nb_epochs": 398,
                        "lr": 0.001,
                        "subsampling": 32000
            },
            "train_loss": 0.00044586161232512933,
            "val_loss": 0.0004912896394873516
}