{
            "regression": "Total",
            "loss": "MSE",
            "nb_parameters": 20117.0,
            "time_elapsed": 630.4509987831116,
            "hparams": {
                        "encoder": [
                                    8,
                                    64,
                                    64,
                                    8
                        ],
                        "decoder": [
                                    8,
                                    64,
                                    64,
                                    5
                        ],
                        "nb_hidden_layers": 3,
                        "size_hidden_layers": 64,
                        "batch_size": 1,
                        "nb_epochs": 400,
                        "lr": 0.001,
                        "bn_bool": true,
                        "subsampling": 10000
            },
            "train_loss_surf": 0.14893951680925158,
            "train_loss_surf_var": [
                        0.009924792684614658,
                        0.15436221659183502,
                        0.04609372839331627,
                        0.014901872724294662,
                        0.519415020942688
            ],
            "train_loss_vol": 0.016719806525442336,
            "train_loss_vol_var": [
                        0.004589118529111147,
                        0.023001452907919884,
                        0.011101078242063522,
                        0.005485177505761385,
                        0.03942220285534859
            ],
            "val_loss_surf": 0.8251632439593474,
            "val_loss_surf_var": [
                        0.2410745765470589,
                        0.5079389251768589,
                        0.20812956802546978,
                        0.3238378992148985,
                        2.8448352205256615
            ],
            "val_loss_vol": 0.17948261819158995,
            "val_loss_vol_var": [
                        0.11265491145119692,
                        0.24161229406793913,
                        0.15709198561186588,
                        0.12072906004808222,
                        0.2653248266627391
            ]
}