{
            "regression": "Total",
            "loss": "MSE",
            "nb_parameters": 29333.0,
            "time_elapsed": 2065.8797039985657,
            "hparams": {
                        "encoder": [
                                    8,
                                    64,
                                    64,
                                    8
                        ],
                        "decoder": [
                                    8,
                                    64,
                                    64,
                                    5
                        ],
                        "nb_hidden_layers": 3,
                        "size_hidden_layers": 64,
                        "batch_size": 1,
                        "nb_epochs": 400,
                        "lr": 0.001,
                        "max_neighbors": 5,
                        "bn_bool": true,
                        "subsampling": 32000,
                        "r": 0.05
            },
            "train_loss_surf": 0.057579762405819364,
            "train_loss_surf_var": [
                        0.008063074201345444,
                        0.0421777181327343,
                        0.015727734193205833,
                        0.011637641116976738,
                        0.21029266715049744
            ],
            "train_loss_vol": 0.00839579270945655,
            "train_loss_vol_var": [
                        0.003301539458334446,
                        0.012104894034564495,
                        0.006727779284119606,
                        0.0038528251461684704,
                        0.015991922467947006
            ],
            "val_loss_surf": 0.5629470647312701,
            "val_loss_surf_var": [
                        0.2589197312074247,
                        0.1088663096384456,
                        0.06694971400429493,
                        0.34261311383840315,
                        2.0373864050954578
            ],
            "val_loss_vol": 0.1521177342471977,
            "val_loss_vol_var": [
                        0.12064149158347089,
                        0.22238169870494554,
                        0.1838398816452051,
                        0.12704761213778207,
                        0.10667797583931435
            ],
            "coef_norm": [
                        [
                                    0.574105978012085,
                                    0.008970320224761963,
                                    1.0,
                                    0.09882092475891113,
                                    0.009029087610542774,
                                    1.000000013351432e-10,
                                    1.000000013351432e-10,
                                    -0.03480095416307449
                        ],
                        [
                                    0.40350422263145447,
                                    0.09933889657258987,
                                    0.0,
                                    0.0015298874350264668,
                                    0.01202271319925785,
                                    0.0,
                                    0.0,
                                    0.07555890083312988
                        ],
                        [
                                    0.9978830814361572,
                                    0.06329218298196793,
                                    0.007528231013566256,
                                    1.7864923477172852,
                                    12.045220375061035
                        ],
                        [
                                    0.006916576996445656,
                                    0.04369058459997177,
                                    0.03886667266488075,
                                    0.011352474801242352,
                                    294.44580078125
                        ]
            ]
}