{
            "regression": "Total",
            "loss": "MSE",
            "nb_parameters": 75181.0,
            "time_elapsed": 350.92406153678894,
            "hparams": {
                        "encoder": [
                                    5,
                                    64,
                                    64,
                                    8
                        ],
                        "decoder": [
                                    8,
                                    64,
                                    64,
                                    5
                        ],
                        "base_nb": 8,
                        "batch_size": 1,
                        "nb_epochs": 50,
                        "lr": 0.001,
                        "subsampling": 32000
            },
            "train_loss": 0.19065593537830172,
            "val_loss": 0.18323022178891632
}{
            "regression": "Total",
            "loss": "MSE",
            "nb_parameters": 75181.0,
            "time_elapsed": 348.26322865486145,
            "hparams": {
                        "encoder": [
                                    5,
                                    64,
                                    64,
                                    8
                        ],
                        "decoder": [
                                    8,
                                    64,
                                    64,
                                    5
                        ],
                        "base_nb": 8,
                        "batch_size": 1,
                        "nb_epochs": 50,
                        "lr": 0.001,
                        "subsampling": 32000
            },
            "train_loss": 0.05565738110315232,
            "val_loss": 0.048620790670004986
}