{
            "regression": "Total",
            "loss": "MSE",
            "nb_parameters": 20117.0,
            "time_elapsed": 6021.792469024658,
            "hparams": {
                        "encoder": [
                                    8,
                                    64,
                                    64,
                                    8
                        ],
                        "decoder": [
                                    8,
                                    64,
                                    64,
                                    5
                        ],
                        "nb_hidden_layers": 3,
                        "size_hidden_layers": 64,
                        "batch_size": 1,
                        "nb_epochs": 400,
                        "lr": 0.001,
                        "bn_bool": true,
                        "subsampling": 10000
            },
            "train_loss_surf": 0.04258833433452405,
            "train_loss_surf_var": [
                        0.011152053251862526,
                        0.010582268238067627,
                        0.005582475569099188,
                        0.013954833149909973,
                        0.17167001962661743
            ],
            "train_loss_vol": 0.007666045113613731,
            "train_loss_vol_var": [
                        0.005361125338822603,
                        0.009857887402176857,
                        0.00902106799185276,
                        0.005706675350666046,
                        0.008383478969335556
            ],
            "val_loss_surf": 0.11659932271440457,
            "val_loss_surf_var": [
                        0.057473779107014865,
                        0.009574661825728768,
                        0.004215943306346661,
                        0.0706852404138201,
                        0.44104698415407373
            ],
            "val_loss_vol": 0.019696812137422685,
            "val_loss_vol_var": [
                        0.023029983044526643,
                        0.021562905571829775,
                        0.01580438335362238,
                        0.02268042680054137,
                        0.015406360131843636
            ],
            "mean_in": [
                        0.9976206421852112,
                        0.058301378041505814,
                        0.008455074392259121,
                        1.7859447002410889,
                        8.0709867477417
            ],
            "std_in": [
                        0.005986212287098169,
                        0.046805959194898605,
                        0.036844611167907715,
                        0.009944004006683826,
                        261.1017761230469
            ]
}