{
            "regression": "Total",
            "loss": "MSE",
            "nb_parameters": 75181.0,
            "time_elapsed": 87.72584962844849,
            "hparams": {
                        "encoder": [
                                    5,
                                    64,
                                    64,
                                    8
                        ],
                        "decoder": [
                                    8,
                                    64,
                                    64,
                                    5
                        ],
                        "base_nb": 8,
                        "batch_size": 1,
                        "nb_epochs": 10,
                        "lr": 0.001,
                        "subsampling": 32000
            },
            "train_loss": 0.20916986465454102,
            "val_loss": 0.20084337590055334
}{
            "regression": "Total",
            "loss": "MSE",
            "nb_parameters": 75181.0,
            "time_elapsed": 87.32585215568542,
            "hparams": {
                        "encoder": [
                                    5,
                                    64,
                                    64,
                                    8
                        ],
                        "decoder": [
                                    8,
                                    64,
                                    64,
                                    5
                        ],
                        "base_nb": 8,
                        "batch_size": 1,
                        "nb_epochs": 10,
                        "lr": 0.001,
                        "subsampling": 32000
            },
            "train_loss": 0.14894543375287736,
            "val_loss": 0.1416584969394737
}{
            "regression": "Total",
            "loss": "MSE",
            "nb_parameters": 75181.0,
            "time_elapsed": 0.7555785179138184,
            "hparams": {
                        "encoder": [
                                    5,
                                    64,
                                    64,
                                    8
                        ],
                        "decoder": [
                                    8,
                                    64,
                                    64,
                                    5
                        ],
                        "base_nb": 8,
                        "batch_size": 1,
                        "nb_epochs": 10,
                        "lr": 0.001,
                        "subsampling": 32000
            },
            "train_loss": 0.18537919223308563,
            "val_loss": 0.1676981896162033
}{
            "regression": "Total",
            "loss": "MSE",
            "nb_parameters": 75181.0,
            "time_elapsed": 0.8053927421569824,
            "hparams": {
                        "encoder": [
                                    5,
                                    64,
                                    64,
                                    8
                        ],
                        "decoder": [
                                    8,
                                    64,
                                    64,
                                    5
                        ],
                        "base_nb": 8,
                        "batch_size": 1,
                        "nb_epochs": 10,
                        "lr": 0.001,
                        "subsampling": 32000
            },
            "train_loss": 0.24320442974567413,
            "val_loss": 0.22521911561489105
}