{
            "regression": "Total",
            "loss": "MSE",
            "nb_parameters": 65949.0,
            "time_elapsed": 5819.010438919067,
            "hparams": {
                        "encoder": [
                                    8,
                                    64,
                                    64,
                                    8
                        ],
                        "decoder": [
                                    8,
                                    64,
                                    64,
                                    5
                        ],
                        "layer": "SAGE",
                        "pool": "random",
                        "nb_scale": 5,
                        "pool_ratio": [
                                    0.5,
                                    0.5,
                                    0.5,
                                    0.5
                        ],
                        "list_r": [
                                    0.05,
                                    0.2,
                                    0.5,
                                    1,
                                    10
                        ],
                        "size_hidden_layers": 8,
                        "batchnorm": true,
                        "res": false,
                        "batch_size": 1,
                        "nb_epochs": 400,
                        "lr": 0.001,
                        "max_neighbors": 5,
                        "subsampling": 32000,
                        "r": 0.05
            },
            "train_loss_surf": 0.5097512669033475,
            "train_loss_surf_var": [
                        0.023900387808680534,
                        0.13077983260154724,
                        0.10141042619943619,
                        0.04349452257156372,
                        2.249171495437622
            ],
            "train_loss_vol": 0.03046922220124139,
            "train_loss_vol_var": [
                        0.010368496179580688,
                        0.033460479229688644,
                        0.01953025534749031,
                        0.012031723745167255,
                        0.076955147087574
            ],
            "val_loss_surf": 0.49221317872094617,
            "val_loss_surf_var": [
                        0.1895758611402319,
                        0.19599595102481543,
                        0.08617369588270476,
                        0.24726273784569158,
                        1.742057607881725
            ],
            "val_loss_vol": 0.1305640318663791,
            "val_loss_vol_var": [
                        0.09153181852210159,
                        0.19968197298391416,
                        0.14811571373138574,
                        0.0975301297788974,
                        0.1159605112780506
            ],
            "coef_norm": [
                        [
                                    0.574105978012085,
                                    0.008970320224761963,
                                    1.0,
                                    0.09882092475891113,
                                    0.009029087610542774,
                                    1.000000013351432e-10,
                                    1.000000013351432e-10,
                                    -0.03480095416307449
                        ],
                        [
                                    0.40350422263145447,
                                    0.09933889657258987,
                                    0.0,
                                    0.0015298874350264668,
                                    0.01202271319925785,
                                    0.0,
                                    0.0,
                                    0.07555890083312988
                        ],
                        [
                                    0.9978830814361572,
                                    0.06329218298196793,
                                    0.007528231013566256,
                                    1.7864923477172852,
                                    12.045220375061035
                        ],
                        [
                                    0.006916576996445656,
                                    0.04369058459997177,
                                    0.03886667266488075,
                                    0.011352474801242352,
                                    294.44580078125
                        ]
            ]
}