{
            "Model": "MLP",
            "RMSE_Total": 0.13851928634906888,
            "cl_rmse": 0.8899394113716608,
            "val_loss_total": 0.019187592690655342,
            "val_loss_surf": 0.1258217711976419,
            "rmse_surf": 0.3547136467598081,
            "val_loss_surf_var": [
                        0.055292573525570335,
                        0.007057015027773256,
                        0.003024640966420217,
                        0.06733108069351874,
                        0.4964035315606743
            ],
            "val_loss_vol": 0.01808797016592386,
            "rmse_vol": 0.13449152451334567,
            "val_loss_vol_var": [
                        0.019842590076460814,
                        0.02306232619502892,
                        0.011922853996045887,
                        0.01983608709590044,
                        0.01577599118735331
            ]
}{
            "Model": "PointNet",
            "RMSE_Total": 0.1517282650366414,
            "cl_rmse": 0.9325646907271588,
            "val_loss_total": 0.023021466411029298,
            "val_loss_surf": 0.15995695758176345,
            "rmse_surf": 0.3999461933582609,
            "val_loss_surf_var": [
                        0.07098425465123728,
                        0.011938423531362787,
                        0.005758768114843406,
                        0.08762003384328758,
                        0.6234832993273933
            ],
            "val_loss_vol": 0.021606630303896965,
            "rmse_vol": 0.14699193958818615,
            "val_loss_vol_var": [
                        0.023498596646667768,
                        0.025651293786087385,
                        0.015410511042922735,
                        0.023008000625375037,
                        0.020464747198702147
            ]
}{
            "Model": "GraphSAGE",
            "RMSE_Total": 0.7623983911589601,
            "cl_rmse": 0.9407582606601459,
            "val_loss_total": 0.5812513068417708,
            "val_loss_surf": 3.359485806753238,
            "rmse_surf": 1.8328900149090337,
            "val_loss_surf_var": [
                        1.5941307411156596,
                        0.2386449772765239,
                        0.07218183818086982,
                        1.9764928591574231,
                        12.915978334784509
            ],
            "val_loss_vol": 0.552644598732392,
            "rmse_vol": 0.7434006986359322,
            "val_loss_vol_var": [
                        0.560850269789497,
                        0.42200854973991714,
                        0.388552875161171,
                        0.555690508365631,
                        0.8361207387646039
            ]
}{
            "Model": "GUNet",
            "RMSE_Total": 0.5560557367305774,
            "cl_rmse": 1.2637751304678735,
            "val_loss_total": 0.3091979823509852,
            "val_loss_surf": 5.064907357772191,
            "rmse_surf": 2.2505349048108965,
            "val_loss_surf_var": [
                        0.549612996943295,
                        0.4049863080084324,
                        1.4943071562051773,
                        0.8466644691303372,
                        22.028965395530065
            ],
            "val_loss_vol": 0.260197748914361,
            "rmse_vol": 0.510095823266924,
            "val_loss_vol_var": [
                        0.12033713339207074,
                        0.11321732912709316,
                        0.16308584182709457,
                        0.12158463640138507,
                        0.7827637817760309
            ]
}