{
            "Model": "MLP",
            "RMSE_Total": 0.2697845018099698,
            "cl_rmse": 0.9329142824745011,
            "val_loss_total": 0.07278367741685361,
            "val_loss_surf": 0.4095990669876337,
            "rmse_surf": 0.6399992710836737,
            "val_loss_surf_var": [
                        0.18635680171909433,
                        0.022481240998022258,
                        0.009455007949844003,
                        0.22751831582250695,
                        1.6021839128211142
            ],
            "val_loss_vol": 0.06930335167143493,
            "rmse_vol": 0.2632552975182739,
            "val_loss_vol_var": [
                        0.07385396294590707,
                        0.08148764742414157,
                        0.059168446491782864,
                        0.07389393503094713,
                        0.05811276001917819
            ]
}{
            "Model": "PointNet",
            "RMSE_Total": 0.32210296887483947,
            "cl_rmse": 0.8105372895558646,
            "val_loss_total": 0.10375032255798579,
            "val_loss_surf": 0.5279688307791949,
            "rmse_surf": 0.7266146370526779,
            "val_loss_surf_var": [
                        0.1955812267245104,
                        0.16257981623212497,
                        0.07351629803019265,
                        0.2348049790430814,
                        1.973361776471138
            ],
            "val_loss_vol": 0.09935823683564862,
            "rmse_vol": 0.31521141609346676,
            "val_loss_vol_var": [
                        0.08091986934871723,
                        0.11206148436541359,
                        0.08161944022340079,
                        0.0827581073626255,
                        0.139432275382181
            ]
}{
            "Model": "GraphSAGE",
            "RMSE_Total": 0.8652489786401059,
            "cl_rmse": 0.9818333623532464,
            "val_loss_total": 0.7486557950377464,
            "val_loss_surf": 4.3898745921055475,
            "rmse_surf": 2.09520275680077,
            "val_loss_surf_var": [
                        1.7523062862244745,
                        0.6161516005396843,
                        0.18512819211184978,
                        2.214538435931007,
                        17.181248135089874
            ],
            "val_loss_vol": 0.7111546066204707,
            "rmse_vol": 0.8432998319817636,
            "val_loss_vol_var": [
                        0.5553896742065748,
                        0.45584189920624096,
                        0.49424092852075896,
                        0.5562540159523487,
                        1.494046465476354
            ]
}{
            "Model": "GUNet",
            "RMSE_Total": 0.9639160322897834,
            "cl_rmse": 1.2898524997465557,
            "val_loss_total": 0.9291341173052787,
            "val_loss_surf": 3.676332029889027,
            "rmse_surf": 1.9173763401818191,
            "val_loss_surf_var": [
                        1.5561580781303346,
                        0.28255897388855616,
                        0.13619067936452728,
                        1.974827851374944,
                        14.431924316247304
            ],
            "val_loss_vol": 0.9008848650654157,
            "rmse_vol": 0.9491495483143927,
            "val_loss_vol_var": [
                        0.45236176839346687,
                        0.3859941612780094,
                        0.46596256563067434,
                        0.47133237692713736,
                        2.7287733741402627
            ]
}