{
            "Model": "MLP",
            "RMSE_Total": 0.1860441459421958,
            "cl_rmse": 0.8940050041663898,
            "val_loss_total": 0.03461242423936104,
            "val_loss_surf": 0.2082647209651768,
            "rmse_surf": 0.4563602973147169,
            "val_loss_surf_var": [
                        0.09853983438961829,
                        0.011556279238779098,
                        0.006073610289255157,
                        0.12097902478588124,
                        0.8041748326048255
            ],
            "val_loss_vol": 0.03282259728293866,
            "rmse_vol": 0.18117007833231916,
            "val_loss_vol_var": [
                        0.03623421423129427,
                        0.039142353645991536,
                        0.025438286488565307,
                        0.03608665902415911,
                        0.027211469082161783
            ]
}{
            "Model": "PointNet",
            "RMSE_Total": 0.18232718644079157,
            "cl_rmse": 0.8166470364038168,
            "val_loss_total": 0.03324320291541517,
            "val_loss_surf": 0.18539569058082997,
            "rmse_surf": 0.43057599861212653,
            "val_loss_surf_var": [
                        0.0682232509731936,
                        0.019304086771793662,
                        0.011916101331046472,
                        0.0828191662649624,
                        0.7447158355911573
            ],
            "val_loss_vol": 0.0316680715167895,
            "rmse_vol": 0.17795525144482108,
            "val_loss_vol_var": [
                        0.02664060351322405,
                        0.04514583519163231,
                        0.024638707562660178,
                        0.02788348093085612,
                        0.03403172725314895
            ]
}{
            "Model": "GraphSAGE",
            "RMSE_Total": 0.7981807106873241,
            "cl_rmse": 2.04548968649734,
            "val_loss_total": 0.6370924469133218,
            "val_loss_surf": 3.738749738653501,
            "rmse_surf": 1.9335846861861263,
            "val_loss_surf_var": [
                        1.602222888087233,
                        0.2728400064408779,
                        0.10602426163355509,
                        1.9964763156523306,
                        14.71618495408694
            ],
            "val_loss_vol": 0.6051641422609488,
            "rmse_vol": 0.7779229667910241,
            "val_loss_vol_var": [
                        0.5387564307972789,
                        0.48208601024746894,
                        0.4794853397359451,
                        0.49935204909741876,
                        1.026140818019708
            ]
}{
            "Model": "GUNet",
            "RMSE_Total": 0.6730961553502677,
            "cl_rmse": 1.7326324554697403,
            "val_loss_total": 0.45305843434731163,
            "val_loss_surf": 3.6886972488363585,
            "rmse_surf": 1.9205981487121033,
            "val_loss_surf_var": [
                        1.3189348870739341,
                        0.24527873057623703,
                        0.05766283200432857,
                        1.6572903106113275,
                        15.16431920337677
            ],
            "val_loss_vol": 0.4197344627380371,
            "rmse_vol": 0.6478691710044838,
            "val_loss_vol_var": [
                        0.3061830370525519,
                        0.3255623561342557,
                        0.3087847083409627,
                        0.29968625709662833,
                        0.8584559216101965
            ]
}