{
            "Model": "MLP",
            "RMSE_Total": 0.4815181947909966,
            "cl_rmse": 1.1616936056064515,
            "val_loss_total": 0.23185977191478013,
            "val_loss_surf": 1.5717620410521824,
            "rmse_surf": 1.2536993423672929,
            "val_loss_surf_var": [
                        0.47005849675337474,
                        0.2922732731848955,
                        0.1818726463994632,
                        0.593798000673453,
                        6.320807631333669
            ],
            "val_loss_vol": 0.2180138990879059,
            "rmse_vol": 0.46691958524772326,
            "val_loss_vol_var": [
                        0.1866596130921195,
                        0.2387656531209747,
                        0.14090551154563824,
                        0.18575456436847648,
                        0.33798413643737635
            ]
}{
            "Model": "PointNet",
            "RMSE_Total": 0.6226487809702074,
            "cl_rmse": 0.9525902591567933,
            "val_loss_total": 0.3876915044436852,
            "val_loss_surf": 2.6983831228017805,
            "rmse_surf": 1.6426755987722532,
            "val_loss_surf_var": [
                        0.414302034812669,
                        1.2475223063627878,
                        0.8209644558926423,
                        0.5590240705609322,
                        10.450102500597636
            ],
            "val_loss_vol": 0.36372724100450676,
            "rmse_vol": 0.6030980359813044,
            "val_loss_vol_var": [
                        0.17513380640000104,
                        0.3185305372128884,
                        0.24730403590450684,
                        0.18802989898622036,
                        0.8896378961602847
            ]
}{
            "Model": "GraphSAGE",
            "RMSE_Total": 2.9138106525261156,
            "cl_rmse": 1.2193662223734367,
            "val_loss_total": 8.490292518774668,
            "val_loss_surf": 5.286302302877108,
            "rmse_surf": 2.299196012278446,
            "val_loss_surf_var": [
                        1.9573336559484402,
                        0.5511852119664351,
                        0.5675573806862036,
                        2.6181847791646917,
                        20.737249974886577
            ],
            "val_loss_vol": 8.523890363693237,
            "rmse_vol": 2.9195702361294953,
            "val_loss_vol_var": [
                        2.4665888592799505,
                        1.0612833772500356,
                        0.5449225218594074,
                        3.4873164769808453,
                        35.059339839935305
            ]
}{
            "Model": "GUNet",
            "RMSE_Total": 0.9354859213407659,
            "cl_rmse": 1.2502235250382243,
            "val_loss_total": 0.8751339090267817,
            "val_loss_surf": 4.870461829384168,
            "rmse_surf": 2.206912284025844,
            "val_loss_surf_var": [
                        1.0379431719183922,
                        0.9015718904137612,
                        0.44061204213276506,
                        1.3984334639857212,
                        20.573748166243234
            ],
            "val_loss_vol": 0.83393186211586,
            "rmse_vol": 0.9131986980476154,
            "val_loss_vol_var": [
                        0.39351377162834006,
                        0.7374030958016713,
                        0.4277948750505845,
                        0.4266586128224929,
                        2.184288875023524
            ]
}