{
            "regression": "Total",
            "loss": "MSE",
            "nb_parameters": 19989.0,
            "time_elapsed": 1250.3687438964844,
            "hparams": {
                        "encoder": [
                                    6,
                                    64,
                                    64,
                                    8
                        ],
                        "decoder": [
                                    8,
                                    64,
                                    64,
                                    5
                        ],
                        "nb_hidden_layers": 3,
                        "size_hidden_layers": 64,
                        "batch_size": 1,
                        "nb_epochs": 400,
                        "lr": 0.001,
                        "bn_bool": true,
                        "subsampling": 10000
            },
            "train_loss_surf": 5.802221389043899,
            "train_loss_surf_var": [
                        2.4206089973449707,
                        0.011604752391576767,
                        0.015770334750413895,
                        2.9920568466186523,
                        23.57107162475586
            ],
            "train_loss_vol": 0.8368376777285621,
            "train_loss_vol_var": [
                        0.8857397437095642,
                        0.7790833711624146,
                        0.9283793568611145,
                        0.8521189093589783,
                        0.7388678789138794
            ],
            "val_loss_surf": 2.91982736893826,
            "val_loss_surf_var": [
                        1.2316377735179327,
                        0.012230801936109651,
                        0.007876874607771037,
                        1.5194312685893645,
                        11.82795995804998
            ],
            "val_loss_vol": 0.6819246430984801,
            "val_loss_vol_var": [
                        0.6075626731229327,
                        0.7701394755600224,
                        0.8712135747902925,
                        0.5988510707910689,
                        0.5618563596573142
            ]
}