{
            "regression": "Total",
            "loss": "MSE",
            "nb_parameters": 29205.0,
            "time_elapsed": 7217.3284113407135,
            "hparams": {
                        "encoder": [
                                    6,
                                    64,
                                    64,
                                    8
                        ],
                        "decoder": [
                                    8,
                                    64,
                                    64,
                                    5
                        ],
                        "nb_hidden_layers": 3,
                        "size_hidden_layers": 64,
                        "batch_size": 1,
                        "nb_epochs": 400,
                        "lr": 0.001,
                        "max_neighbors": 5,
                        "bn_bool": true,
                        "subsampling": 32000,
                        "r": 0.05
            },
            "train_loss_surf": 4.331521170479911,
            "train_loss_surf_var": [
                        1.662627100944519,
                        0.061317674815654755,
                        0.09041198343038559,
                        2.0568034648895264,
                        17.786441802978516
            ],
            "train_loss_vol": 0.5789799917311895,
            "train_loss_vol_var": [
                        0.5887435078620911,
                        0.555610179901123,
                        0.6259125471115112,
                        0.5735329389572144,
                        0.5510993599891663
            ],
            "val_loss_surf": 2.0305164278795322,
            "val_loss_surf_var": [
                        0.8991055729540272,
                        0.0694450763752684,
                        0.036151671670247916,
                        1.1141092993008592,
                        8.03377033571402
            ],
            "val_loss_vol": 0.493196503761121,
            "val_loss_vol_var": [
                        0.4682361791634725,
                        0.5450153831030347,
                        0.5509321422937016,
                        0.47382410830274857,
                        0.42797466325056216
            ]
}{
            "regression": "Total",
            "loss": "MSE",
            "nb_parameters": 29333.0,
            "time_elapsed": 7888.742707014084,
            "hparams": {
                        "encoder": [
                                    8,
                                    64,
                                    64,
                                    8
                        ],
                        "decoder": [
                                    8,
                                    64,
                                    64,
                                    5
                        ],
                        "nb_hidden_layers": 3,
                        "size_hidden_layers": 64,
                        "batch_size": 1,
                        "nb_epochs": 400,
                        "lr": 0.001,
                        "max_neighbors": 5,
                        "bn_bool": true,
                        "subsampling": 32000,
                        "r": 0.05
            },
            "train_loss_surf": 0.03501375516255697,
            "train_loss_surf_var": [
                        0.007781090680509806,
                        0.01230509765446186,
                        0.005425166338682175,
                        0.009617127478122711,
                        0.1399402618408203
            ],
            "train_loss_vol": 0.006563744374683925,
            "train_loss_vol_var": [
                        0.0036771330051124096,
                        0.00851406343281269,
                        0.00706728920340538,
                        0.004135447088629007,
                        0.00942479632794857
            ],
            "val_loss_surf": 0.12097877416429888,
            "val_loss_surf_var": [
                        0.060931950140932015,
                        0.014697840871910253,
                        0.007442488454519966,
                        0.07769628156286974,
                        0.44412529877283513
            ],
            "val_loss_vol": 0.04055623962388684,
            "val_loss_vol_var": [
                        0.034961083224415136,
                        0.054506479199173764,
                        0.04720651866373374,
                        0.03658728704225118,
                        0.029519826420841534
            ],
            "mean_in": [
                        0.997654378414154,
                        0.058570150285959244,
                        0.00806763581931591,
                        1.7860020399093628,
                        8.103577613830566
            ],
            "std_in": [
                        0.005970766302198172,
                        0.04670914262533188,
                        0.036222122609615326,
                        0.009907091036438942,
                        263.5011291503906
            ]
}