{
            "regression": "Total",
            "loss": "MSE",
            "nb_parameters": 20117.0,
            "time_elapsed": 20344.377425909042,
            "hparams": {
                        "encoder": [
                                    8,
                                    64,
                                    64,
                                    8
                        ],
                        "decoder": [
                                    8,
                                    64,
                                    64,
                                    5
                        ],
                        "nb_hidden_layers": 3,
                        "size_hidden_layers": 64,
                        "batch_size": 1,
                        "nb_epochs": 400,
                        "lr": 0.001,
                        "bn_bool": true,
                        "subsampling": 10000
            },
            "train_loss_surf": 0.029850357297867062,
            "train_loss_surf_var": [
                        0.007758208550512791,
                        0.007917151786386967,
                        0.0024542775936424732,
                        0.009440655820071697,
                        0.1216813251376152
            ],
            "train_loss_vol": 0.005062155874948653,
            "train_loss_vol_var": [
                        0.003509690286591649,
                        0.006695885211229324,
                        0.005407809279859066,
                        0.0037615082692354918,
                        0.0059358770959079266
            ],
            "val_loss_surf": 0.20359655983780547,
            "val_loss_surf_var": [
                        0.11379813905201712,
                        0.007442391809686174,
                        0.003224443327915786,
                        0.1395386973651411,
                        0.7539790897009271
            ],
            "val_loss_vol": 0.023873922194750916,
            "val_loss_vol_var": [
                        0.035225181824676446,
                        0.01872298779791755,
                        0.014239930859939359,
                        0.03367517628320017,
                        0.017506332933704405
            ],
            "mean_in": [
                        0.997614324092865,
                        0.05822429805994034,
                        0.00889956671744585,
                        1.7859368324279785,
                        8.520916938781738
            ],
            "std_in": [
                        0.006046931724995375,
                        0.04685685411095619,
                        0.03721456229686737,
                        0.01004050299525261,
                        259.51287841796875
            ]
}