{
            "regression": "Total",
            "loss": "MSE",
            "nb_parameters": 20117.0,
            "time_elapsed": 40.628167390823364,
            "hparams": {
                        "encoder": [
                                    8,
                                    64,
                                    64,
                                    8
                        ],
                        "decoder": [
                                    8,
                                    64,
                                    64,
                                    5
                        ],
                        "nb_hidden_layers": 3,
                        "size_hidden_layers": 64,
                        "batch_size": 1,
                        "nb_epochs": 20,
                        "lr": 0.001,
                        "bn_bool": true,
                        "subsampling": 10000
            },
            "train_loss_surf": 6.023937225341797,
            "train_loss_surf_var": [
                        0.5140658020973206,
                        1.2465589046478271,
                        1.1578160524368286,
                        0.9507964253425598,
                        26.250444412231445
            ],
            "train_loss_vol": 0.24821660253736708,
            "train_loss_vol_var": [
                        0.10939667373895645,
                        0.1915372759103775,
                        0.1354830414056778,
                        0.12266034632921219,
                        0.6820056438446045
            ],
            "val_loss_surf": 1.7547537609934807,
            "val_loss_surf_var": [
                        0.2174301124177873,
                        1.5622423961758614,
                        0.7444874827439584,
                        0.362868638553967,
                        5.886740008989972
            ],
            "val_loss_vol": 0.20642202083642283,
            "val_loss_vol_var": [
                        0.1027064569061622,
                        0.2714165731643637,
                        0.22483827965334058,
                        0.1255399395401279,
                        0.3076088291903336
            ]
}{
            "regression": "Total",
            "loss": "MSE",
            "nb_parameters": 20117.0,
            "time_elapsed": 38.63525724411011,
            "hparams": {
                        "encoder": [
                                    8,
                                    64,
                                    64,
                                    8
                        ],
                        "decoder": [
                                    8,
                                    64,
                                    64,
                                    5
                        ],
                        "nb_hidden_layers": 3,
                        "size_hidden_layers": 64,
                        "batch_size": 1,
                        "nb_epochs": 20,
                        "lr": 0.001,
                        "bn_bool": true,
                        "subsampling": 10000
            },
            "train_loss_surf": 5.907251146104601,
            "train_loss_surf_var": [
                        0.4794786274433136,
                        1.1601225137710571,
                        1.1342397928237915,
                        0.8958819508552551,
                        25.866533279418945
            ],
            "train_loss_vol": 0.23528867297702366,
            "train_loss_vol_var": [
                        0.10198771953582764,
                        0.17646853625774384,
                        0.11762256175279617,
                        0.11409533023834229,
                        0.666269063949585
            ],
            "val_loss_surf": 1.6648355945944786,
            "val_loss_surf_var": [
                        0.1543099081609398,
                        1.4332545200983686,
                        0.7579857893288136,
                        0.25437728183654446,
                        5.72425040602684
            ],
            "val_loss_vol": 0.17798635689541698,
            "val_loss_vol_var": [
                        0.07516463737313944,
                        0.2562112109735608,
                        0.17373111417206621,
                        0.08860511794531095,
                        0.2962196748703718
            ]
}{
            "regression": "Total",
            "loss": "MSE",
            "nb_parameters": 20117.0,
            "time_elapsed": 38.85769867897034,
            "hparams": {
                        "encoder": [
                                    8,
                                    64,
                                    64,
                                    8
                        ],
                        "decoder": [
                                    8,
                                    64,
                                    64,
                                    5
                        ],
                        "nb_hidden_layers": 3,
                        "size_hidden_layers": 64,
                        "batch_size": 1,
                        "nb_epochs": 20,
                        "lr": 0.001,
                        "bn_bool": true,
                        "subsampling": 10000
            },
            "train_loss_surf": 6.056014590793186,
            "train_loss_surf_var": [
                        0.5760113596916199,
                        1.1806789636611938,
                        1.1715874671936035,
                        1.0331816673278809,
                        26.31861686706543
            ],
            "train_loss_vol": 0.2533240583207872,
            "train_loss_vol_var": [
                        0.1260787844657898,
                        0.19490277767181396,
                        0.12323840707540512,
                        0.13999471068382263,
                        0.6824057102203369
            ],
            "val_loss_surf": 1.6211083667973678,
            "val_loss_surf_var": [
                        0.20741282232726607,
                        1.2953890214363737,
                        0.7710853467384972,
                        0.3146611458311479,
                        5.516993348797161
            ],
            "val_loss_vol": 0.21050793708612522,
            "val_loss_vol_var": [
                        0.10816090072815616,
                        0.3088908577337861,
                        0.2070748363621533,
                        0.12899960344657302,
                        0.2994134736557801
            ]
}