{
            "regression": "Total",
            "loss": "MSE",
            "nb_parameters": 19925.0,
            "time_elapsed": 96.55824398994446,
            "hparams": {
                        "encoder": [
                                    5,
                                    64,
                                    64,
                                    8
                        ],
                        "decoder": [
                                    8,
                                    64,
                                    64,
                                    5
                        ],
                        "nb_hidden_layers": 3,
                        "size_hidden_layers": 64,
                        "batch_size": 1,
                        "nb_epochs": 10,
                        "lr": 0.001,
                        "bn_bool": true,
                        "subsampling": 32000
            },
            "train_loss": 0.042624286983324135,
            "val_loss": 0.04064009088971135
}