{
            "regression": "Total",
            "loss": "MSE",
            "nb_parameters": 75181.0,
            "time_elapsed": 20.09267258644104,
            "hparams": {
                        "encoder": [
                                    5,
                                    64,
                                    64,
                                    8
                        ],
                        "decoder": [
                                    8,
                                    64,
                                    64,
                                    5
                        ],
                        "base_nb": 8,
                        "batch_size": 1,
                        "nb_epochs": 20,
                        "lr": 0.001,
                        "subsampling": 32000
            },
            "train_loss": 1.0003737608591716,
            "val_loss": 1.0001975297927856
}{
            "regression": "Total",
            "loss": "MSE",
            "nb_parameters": 75181.0,
            "time_elapsed": 21.307745218276978,
            "hparams": {
                        "encoder": [
                                    5,
                                    64,
                                    64,
                                    8
                        ],
                        "decoder": [
                                    8,
                                    64,
                                    64,
                                    5
                        ],
                        "base_nb": 8,
                        "batch_size": 1,
                        "nb_epochs": 20,
                        "lr": 0.001,
                        "subsampling": 32000
            },
            "train_loss": 1.0000498294830322,
            "val_loss": 1.0000451803207397
}{
            "regression": "Total",
            "loss": "MSE",
            "nb_parameters": 75181.0,
            "time_elapsed": 19.448199033737183,
            "hparams": {
                        "encoder": [
                                    5,
                                    64,
                                    64,
                                    8
                        ],
                        "decoder": [
                                    8,
                                    64,
                                    64,
                                    5
                        ],
                        "base_nb": 8,
                        "batch_size": 1,
                        "nb_epochs": 20,
                        "lr": 0.001,
                        "subsampling": 32000
            },
            "train_loss": 1.0001116593678792,
            "val_loss": 1.0000923871994019
}{
            "regression": "Total",
            "loss": "MSE",
            "nb_parameters": 75181.0,
            "time_elapsed": 19.657631874084473,
            "hparams": {
                        "encoder": [
                                    5,
                                    64,
                                    64,
                                    8
                        ],
                        "decoder": [
                                    8,
                                    64,
                                    64,
                                    5
                        ],
                        "base_nb": 8,
                        "batch_size": 1,
                        "nb_epochs": 20,
                        "lr": 0.001,
                        "subsampling": 32000
            },
            "train_loss": 1.0001029173533122,
            "val_loss": 1.000090479850769
}