{
            "regression": "Total",
            "loss": "MSE",
            "nb_parameters": 65949.0,
            "time_elapsed": 63754.929174661636,
            "hparams": {
                        "encoder": [
                                    8,
                                    64,
                                    64,
                                    8
                        ],
                        "decoder": [
                                    8,
                                    64,
                                    64,
                                    5
                        ],
                        "layer": "SAGE",
                        "pool": "random",
                        "nb_scale": 5,
                        "pool_ratio": [
                                    0.5,
                                    0.5,
                                    0.5,
                                    0.5
                        ],
                        "list_r": [
                                    0.05,
                                    0.2,
                                    0.5,
                                    1,
                                    10
                        ],
                        "size_hidden_layers": 8,
                        "batchnorm": true,
                        "res": false,
                        "batch_size": 1,
                        "nb_epochs": 400,
                        "lr": 0.001,
                        "max_neighbors": 5,
                        "subsampling": 32000,
                        "r": 0.05
            },
            "train_loss_surf": 0.06474957968059339,
            "train_loss_surf_var": [
                        0.013469599187374115,
                        0.01914563588798046,
                        0.009059869684278965,
                        0.017472390085458755,
                        0.26460030674934387
            ],
            "train_loss_vol": 0.010243120946382222,
            "train_loss_vol_var": [
                        0.006281135603785515,
                        0.013136051595211029,
                        0.011105572804808617,
                        0.006875975988805294,
                        0.01381686795502901
            ],
            "val_loss_surf": 0.07762539912706844,
            "val_loss_surf_var": [
                        0.03319440001633827,
                        0.01595159701360435,
                        0.007794234633526205,
                        0.04065485627130223,
                        0.2905319016152883
            ],
            "val_loss_vol": 0.01695291374001981,
            "val_loss_vol_var": [
                        0.015144271313557495,
                        0.0230448666393903,
                        0.015309322268505777,
                        0.015639449991359987,
                        0.01562665708918882
            ],
            "mean_out": [
                        0.9976206421852112,
                        0.058301378041505814,
                        0.008455074392259121,
                        1.7859447002410889,
                        8.0709867477417
            ],
            "std_out": [
                        0.005986212287098169,
                        0.046805959194898605,
                        0.036844611167907715,
                        0.009944004006683826,
                        261.1017761230469
            ]
}