{
            "regression": "Total",
            "loss": "MSE",
            "nb_parameters": 19796.0,
            "time_elapsed": 2863.729392051697,
            "hparams": {
                        "encoder": [
                                    4,
                                    64,
                                    64,
                                    8
                        ],
                        "decoder": [
                                    8,
                                    64,
                                    64,
                                    4
                        ],
                        "nb_hidden_layers": 3,
                        "size_hidden_layers": 64,
                        "batch_size": 1,
                        "nb_epochs": 398,
                        "lr": 0.0001,
                        "bn_bool": true,
                        "subsampling": 32000
            },
            "train_loss": 0.0007828032408935436,
            "val_loss": 0.0008317543981522451
}{
            "regression": "Total",
            "loss": "MSE",
            "nb_parameters": 19925.0,
            "time_elapsed": 6290.695495843887,
            "hparams": {
                        "encoder": [
                                    5,
                                    64,
                                    64,
                                    8
                        ],
                        "decoder": [
                                    8,
                                    64,
                                    64,
                                    5
                        ],
                        "nb_hidden_layers": 3,
                        "size_hidden_layers": 64,
                        "batch_size": 1,
                        "nb_epochs": 398,
                        "lr": 0.001,
                        "bn_bool": true,
                        "subsampling": 32000
            },
            "train_loss": 0.04255940257639125,
            "val_loss": 341593.63612874347
}