{
            "regression": "Total",
            "loss": "MSE",
            "nb_parameters": 19925.0,
            "time_elapsed": 115.60140132904053,
            "hparams": {
                        "encoder": [
                                    5,
                                    64,
                                    64,
                                    8
                        ],
                        "decoder": [
                                    8,
                                    64,
                                    64,
                                    5
                        ],
                        "nb_hidden_layers": 3,
                        "size_hidden_layers": 64,
                        "batch_size": 1,
                        "nb_epochs": 50,
                        "lr": 0.001,
                        "bn_bool": true,
                        "subsampling": 32000
            },
            "train_loss": 0.043694181101662774,
            "val_loss": 0.04111628540946791
}{
            "regression": "Total",
            "loss": "MSE",
            "nb_parameters": 19925.0,
            "time_elapsed": 138.6618230342865,
            "hparams": {
                        "encoder": [
                                    5,
                                    64,
                                    64,
                                    8
                        ],
                        "decoder": [
                                    8,
                                    64,
                                    64,
                                    5
                        ],
                        "nb_hidden_layers": 3,
                        "size_hidden_layers": 64,
                        "batch_size": 1,
                        "nb_epochs": 50,
                        "lr": 0.001,
                        "bn_bool": true,
                        "subsampling": 32000
            },
            "train_loss": 0.04369294927233741,
            "val_loss": 0.03920502016424305
}