{
            "regression": "Total",
            "loss": "MSE",
            "nb_parameters": 20117.0,
            "time_elapsed": 12.248573780059814,
            "hparams": {
                        "encoder": [
                                    8,
                                    64,
                                    64,
                                    8
                        ],
                        "decoder": [
                                    8,
                                    64,
                                    64,
                                    5
                        ],
                        "nb_hidden_layers": 3,
                        "size_hidden_layers": 64,
                        "batch_size": 1,
                        "nb_epochs": 400,
                        "lr": 0.001,
                        "bn_bool": true,
                        "subsampling": 10000
            },
            "train_loss_surf": 26984.947265625,
            "train_loss_surf_var": [
                        87475.4765625,
                        1622.75732421875,
                        307.3334655761719,
                        45519.15625,
                        0.006187789142131805
            ],
            "train_loss_vol": 12520.6328125,
            "train_loss_vol_var": [
                        42199.3203125,
                        572.6560668945312,
                        1716.752685546875,
                        18114.423828125,
                        0.012263046577572823
            ],
            "val_loss_surf": 32644.55078125,
            "val_loss_surf_var": [
                        108767.8359375,
                        1631.015625,
                        316.219970703125,
                        52507.66796875,
                        0.008843902498483658
            ],
            "val_loss_vol": 15733.8671875,
            "val_loss_vol_var": [
                        55538.796875,
                        582.2462158203125,
                        1750.7347412109375,
                        20797.546875,
                        0.012333944439888
            ]
}{
            "regression": "Total",
            "loss": "MSE",
            "nb_parameters": 20117.0,
            "time_elapsed": 12.404460668563843,
            "hparams": {
                        "encoder": [
                                    8,
                                    64,
                                    64,
                                    8
                        ],
                        "decoder": [
                                    8,
                                    64,
                                    64,
                                    5
                        ],
                        "nb_hidden_layers": 3,
                        "size_hidden_layers": 64,
                        "batch_size": 1,
                        "nb_epochs": 400,
                        "lr": 0.001,
                        "bn_bool": true,
                        "subsampling": 10000
            },
            "train_loss_surf": 28397.896484375,
            "train_loss_surf_var": [
                        87756.5,
                        1546.5040283203125,
                        278.8778076171875,
                        52407.59765625,
                        0.001508374814875424
            ],
            "train_loss_vol": 12896.73046875,
            "train_loss_vol_var": [
                        40055.4765625,
                        578.2769165039062,
                        1660.4310302734375,
                        22189.466796875,
                        0.0005764843663200736
            ],
            "val_loss_surf": 31990.888671875,
            "val_loss_surf_var": [
                        104544.1015625,
                        1598.35400390625,
                        271.8061828613281,
                        53540.18359375,
                        0.00047130518942140043
            ],
            "val_loss_vol": 14554.017578125,
            "val_loss_vol_var": [
                        48526.8359375,
                        575.7130737304688,
                        1689.5684814453125,
                        21977.96484375,
                        0.0006530631217174232
            ]
}{
            "regression": "Total",
            "loss": "MSE",
            "nb_parameters": 20117.0,
            "time_elapsed": 11.398869276046753,
            "hparams": {
                        "encoder": [
                                    8,
                                    64,
                                    64,
                                    8
                        ],
                        "decoder": [
                                    8,
                                    64,
                                    64,
                                    5
                        ],
                        "nb_hidden_layers": 3,
                        "size_hidden_layers": 64,
                        "batch_size": 1,
                        "nb_epochs": 400,
                        "lr": 0.001,
                        "bn_bool": true,
                        "subsampling": 10000
            },
            "train_loss_surf": 29577.287109375,
            "train_loss_surf_var": [
                        100501.2421875,
                        1532.2020263671875,
                        230.1311798095703,
                        45622.8515625,
                        0.0019615385681390762
            ],
            "train_loss_vol": 13720.4375,
            "train_loss_vol_var": [
                        48720.17578125,
                        561.51513671875,
                        1692.5545654296875,
                        17627.9453125,
                        0.001803564722649753
            ],
            "val_loss_surf": 34148.03515625,
            "val_loss_surf_var": [
                        116929.1953125,
                        1515.364501953125,
                        231.1656494140625,
                        52064.44140625,
                        0.0021890916395932436
            ],
            "val_loss_vol": 15774.3720703125,
            "val_loss_vol_var": [
                        57374.46484375,
                        575.0808715820312,
                        1702.6812744140625,
                        19219.625,
                        0.002688636537641287
            ]
}{
            "regression": "Total",
            "loss": "MSE",
            "nb_parameters": 20117.0,
            "time_elapsed": 11.201911449432373,
            "hparams": {
                        "encoder": [
                                    8,
                                    64,
                                    64,
                                    8
                        ],
                        "decoder": [
                                    8,
                                    64,
                                    64,
                                    5
                        ],
                        "nb_hidden_layers": 3,
                        "size_hidden_layers": 64,
                        "batch_size": 1,
                        "nb_epochs": 400,
                        "lr": 0.001,
                        "bn_bool": true,
                        "subsampling": 10000
            },
            "train_loss_surf": 26417.119140625,
            "train_loss_surf_var": [
                        85684.59375,
                        1521.35498046875,
                        308.5908508300781,
                        44571.05859375,
                        0.004413327667862177
            ],
            "train_loss_vol": 11209.1884765625,