{
            "regression": "Total",
            "loss": "MSE",
            "nb_parameters": 19989.0,
            "time_elapsed": 1250.3687438964844,
            "hparams": {
                        "encoder": [
                                    6,
                                    64,
                                    64,
                                    8
                        ],
                        "decoder": [
                                    8,
                                    64,
                                    64,
                                    5
                        ],
                        "nb_hidden_layers": 3,
                        "size_hidden_layers": 64,
                        "batch_size": 1,
                        "nb_epochs": 400,
                        "lr": 0.001,
                        "bn_bool": true,
                        "subsampling": 10000
            },
            "train_loss_surf": 5.802221389043899,
            "train_loss_surf_var": [
                        2.4206089973449707,
                        0.011604752391576767,
                        0.015770334750413895,
                        2.9920568466186523,
                        23.57107162475586
            ],
            "train_loss_vol": 0.8368376777285621,
            "train_loss_vol_var": [
                        0.8857397437095642,
                        0.7790833711624146,
                        0.9283793568611145,
                        0.8521189093589783,
                        0.7388678789138794
            ],
            "val_loss_surf": 2.91982736893826,
            "val_loss_surf_var": [
                        1.2316377735179327,
                        0.012230801936109651,
                        0.007876874607771037,
                        1.5194312685893645,
                        11.82795995804998
            ],
            "val_loss_vol": 0.6819246430984801,
            "val_loss_vol_var": [
                        0.6075626731229327,
                        0.7701394755600224,
                        0.8712135747902925,
                        0.5988510707910689,
                        0.5618563596573142
            ]
}{
            "regression": "Total",
            "loss": "MSE",
            "nb_parameters": 20117.0,
            "time_elapsed": 2211.096447467804,
            "hparams": {
                        "encoder": [
                                    8,
                                    64,
                                    64,
                                    8
                        ],
                        "decoder": [
                                    8,
                                    64,
                                    64,
                                    5
                        ],
                        "nb_hidden_layers": 3,
                        "size_hidden_layers": 64,
                        "batch_size": 1,
                        "nb_epochs": 400,
                        "lr": 0.001,
                        "bn_bool": true,
                        "subsampling": 10000
            },
            "train_loss_surf": 0.043739330200921925,
            "train_loss_surf_var": [
                        0.011246941983699799,
                        0.015488559380173683,
                        0.006075998768210411,
                        0.014207398518919945,
                        0.17167790234088898
            ],
            "train_loss_vol": 0.008292188956623986,
            "train_loss_vol_var": [
                        0.005337210837751627,
                        0.010874876752495766,
                        0.009275458753108978,
                        0.00589763093739748,
                        0.010075758211314678
            ],
            "val_loss_surf": 0.1780567080843159,
            "val_loss_surf_var": [
                        0.0800589083972025,
                        0.020974342552815665,
                        0.008618199981154043,
                        0.09737299503305821,
                        0.6832590852605382
            ],
            "val_loss_vol": 0.05477759413447023,
            "val_loss_vol_var": [
                        0.04463515413549935,
                        0.08499442404394758,
                        0.056463419660253235,
                        0.0471174992756763,
                        0.040677467199404606
            ],
            "mean_in": [
                        0.997654378414154,
                        0.058570150285959244,
                        0.00806763581931591,
                        1.7860020399093628,
                        8.103577613830566
            ],
            "std_in": [
                        0.005970766302198172,
                        0.04670914262533188,
                        0.036222122609615326,
                        0.009907091036438942,
                        263.5011291503906
            ]
}