{
            "regression": "Total",
            "loss": "MSE",
            "nb_parameters": 75245.0,
            "time_elapsed": 1791.1153717041016,
            "hparams": {
                        "encoder": [
                                    6,
                                    64,
                                    64,
                                    8
                        ],
                        "decoder": [
                                    8,
                                    64,
                                    64,
                                    5
                        ],
                        "base_nb": 8,
                        "batch_size": 1,
                        "nb_epochs": 400,
                        "lr": 0.001,
                        "subsampling": 32000
            },
            "train_loss_surf": 5.909865606398809,
            "train_loss_surf_var": [
                        2.430612564086914,
                        0.11098966002464294,
                        0.03692804276943207,
                        3.009084463119507,
                        23.96170997619629
            ],
            "train_loss_vol": 0.8461112067812965,
            "train_loss_vol_var": [
                        0.890558123588562,
                        0.8020005822181702,
                        0.9305858612060547,
                        0.8583645820617676,
                        0.7490477561950684
            ],
            "val_loss_surf": 2.970862078997824,
            "val_loss_surf_var": [
                        1.2594333959536423,
                        0.08731893897573982,
                        0.026910328283621398,
                        1.5428642309788207,
                        11.937783181667328
            ],
            "val_loss_vol": 0.7005409404842389,
            "val_loss_vol_var": [
                        0.6264464209477105,
                        0.7910976892130246,
                        0.8739689763428441,
                        0.621702233122455,
                        0.5894892975274059
            ]
}{
            "regression": "Total",
            "loss": "MSE",
            "nb_parameters": 75373.0,
            "time_elapsed": 2784.6756999492645,
            "hparams": {
                        "encoder": [
                                    8,
                                    64,
                                    64,
                                    8
                        ],
                        "decoder": [
                                    8,
                                    64,
                                    64,
                                    5
                        ],
                        "base_nb": 8,
                        "batch_size": 1,
                        "nb_epochs": 400,
                        "lr": 0.001,
                        "subsampling": 32000
            },
            "train_loss_surf": 0.14829460779825845,
            "train_loss_surf_var": [
                        0.018196042627096176,
                        0.13542582094669342,
                        0.04020680859684944,
                        0.024775125086307526,
                        0.5228691697120667
            ],
            "train_loss_vol": 0.02365181985355559,
            "train_loss_vol_var": [
                        0.009183576330542564,
                        0.030863966792821884,
                        0.015729228034615517,
                        0.010700114071369171,
                        0.051782261580228806
            ],
            "val_loss_surf": 0.24126119585707784,
            "val_loss_surf_var": [
                        0.0698892682913639,
                        0.16418639244511724,
                        0.05916012193645457,
                        0.08703207741362148,
                        0.8260380968244544
            ],
            "val_loss_vol": 0.06481463230577193,
            "val_loss_vol_var": [
                        0.040292737539857626,
                        0.08985387982748862,
                        0.047395024306347795,
                        0.04492862334720685,
                        0.10160288964915606
            ],
            "mean_in": [
                        0.997654378414154,
                        0.058570150285959244,
                        0.00806763581931591,
                        1.7860020399093628,
                        8.103577613830566
            ],
            "std_in": [
                        0.005970766302198172,
                        0.04670914262533188,
                        0.036222122609615326,
                        0.009907091036438942,
                        263.5011291503906
            ]
}