{
            "regression": "Total",
            "loss": "MSE",
            "nb_parameters": 29333.0,
            "time_elapsed": 22675.247940540314,
            "hparams": {
                        "encoder": [
                                    8,
                                    64,
                                    64,
                                    8
                        ],
                        "decoder": [
                                    8,
                                    64,
                                    64,
                                    5
                        ],
                        "nb_hidden_layers": 3,
                        "size_hidden_layers": 64,
                        "batch_size": 1,
                        "nb_epochs": 400,
                        "lr": 0.001,
                        "max_neighbors": 5,
                        "bn_bool": true,
                        "subsampling": 32000,
                        "r": 0.05
            },
            "train_loss_surf": 0.03198392558516117,
            "train_loss_surf_var": [
                        0.0071981847286224365,
                        0.0102135194465518,
                        0.004496948793530464,
                        0.009151953272521496,
                        0.1288590282201767
            ],
            "train_loss_vol": 0.005586141557024236,
            "train_loss_vol_var": [
                        0.0033271636348217726,
                        0.007344883866608143,
                        0.006159637589007616,
                        0.003620313247665763,
                        0.00747867813333869
            ],
            "val_loss_surf": 0.06160179232475439,
            "val_loss_surf_var": [
                        0.02576451944991919,
                        0.008994402951451345,
                        0.003531082219363752,
                        0.031705326066687974,
                        0.23801362760360445
            ],
            "val_loss_vol": 0.011818213899067476,
            "val_loss_vol_var": [
                        0.01103018320951806,
                        0.015417821994667655,
                        0.010609335350169455,
                        0.01121164583461245,
                        0.010822082076172627
            ],
            "mean_in": [
                        0.9976206421852112,
                        0.058301378041505814,
                        0.008455074392259121,
                        1.7859447002410889,
                        8.0709867477417
            ],
            "std_in": [
                        0.005986212287098169,
                        0.046805959194898605,
                        0.036844611167907715,
                        0.009944004006683826,
                        261.1017761230469
            ]
}