{
            "regression": "Total",
            "loss": "MSE",
            "nb_parameters": 65949.0,
            "time_elapsed": 19667.82110595703,
            "hparams": {
                        "encoder": [
                                    8,
                                    64,
                                    64,
                                    8
                        ],
                        "decoder": [
                                    8,
                                    64,
                                    64,
                                    5
                        ],
                        "layer": "SAGE",
                        "pool": "random",
                        "nb_scale": 5,
                        "pool_ratio": [
                                    0.5,
                                    0.5,
                                    0.5,
                                    0.5
                        ],
                        "list_r": [
                                    0.05,
                                    0.2,
                                    0.5,
                                    1,
                                    10
                        ],
                        "size_hidden_layers": 8,
                        "batchnorm": true,
                        "res": false,
                        "batch_size": 1,
                        "nb_epochs": 400,
                        "lr": 0.001,
                        "max_neighbors": 5,
                        "subsampling": 32000,
                        "r": 0.05
            },
            "train_loss_surf": 0.18553703171866281,
            "train_loss_surf_var": [
                        0.020020294934511185,
                        0.028125902637839317,
                        0.029244866222143173,
                        0.027902282774448395,
                        0.8223923444747925
            ],
            "train_loss_vol": 0.018104371570405505,
            "train_loss_vol_var": [
                        0.009920218959450722,
                        0.021942947059869766,
                        0.015471499413251877,
                        0.011337555013597012,
                        0.031849659979343414
            ],
            "val_loss_surf": 0.17990888244757014,
            "val_loss_surf_var": [
                        0.09666794272876966,
                        0.0260168955318578,
                        0.019009930009391003,
                        0.11775262158771511,
                        0.6400970071838756
            ],
            "val_loss_vol": 0.061167150912741705,
            "val_loss_vol_var": [
                        0.05554663986962016,
                        0.08344347575233162,
                        0.0648460633790819,
                        0.05856568892284283,
                        0.043433881574310364
            ],
            "mean_in": [
                        0.997654378414154,
                        0.058570150285959244,
                        0.00806763581931591,
                        1.7860020399093628,
                        8.103577613830566
            ],
            "std_in": [
                        0.005970766302198172,
                        0.04670914262533188,
                        0.036222122609615326,
                        0.009907091036438942,
                        263.5011291503906
            ]
}