{
            "regression": "Total",
            "loss": "MSE",
            "nb_parameters": 75245.0,
            "time_elapsed": 1791.1153717041016,
            "hparams": {
                        "encoder": [
                                    6,
                                    64,
                                    64,
                                    8
                        ],
                        "decoder": [
                                    8,
                                    64,
                                    64,
                                    5
                        ],
                        "base_nb": 8,
                        "batch_size": 1,
                        "nb_epochs": 400,
                        "lr": 0.001,
                        "subsampling": 32000
            },
            "train_loss_surf": 5.909865606398809,
            "train_loss_surf_var": [
                        2.430612564086914,
                        0.11098966002464294,
                        0.03692804276943207,
                        3.009084463119507,
                        23.96170997619629
            ],
            "train_loss_vol": 0.8461112067812965,
            "train_loss_vol_var": [
                        0.890558123588562,
                        0.8020005822181702,
                        0.9305858612060547,
                        0.8583645820617676,
                        0.7490477561950684
            ],
            "val_loss_surf": 2.970862078997824,
            "val_loss_surf_var": [
                        1.2594333959536423,
                        0.08731893897573982,
                        0.026910328283621398,
                        1.5428642309788207,
                        11.937783181667328
            ],
            "val_loss_vol": 0.7005409404842389,
            "val_loss_vol_var": [
                        0.6264464209477105,
                        0.7910976892130246,
                        0.8739689763428441,
                        0.621702233122455,
                        0.5894892975274059
            ]
}