{
            "regression": "Total",
            "loss": "MSE",
            "nb_parameters": 75181.0,
            "time_elapsed": 2905.862514734268,
            "hparams": {
                        "encoder": [
                                    5,
                                    64,
                                    64,
                                    8
                        ],
                        "decoder": [
                                    8,
                                    64,
                                    64,
                                    5
                        ],
                        "base_nb": 8,
                        "batch_size": 1,
                        "nb_epochs": 400,
                        "lr": 0.001,
                        "subsampling": 32000
            },
            "train_loss": 0.04393231017248971,
            "val_loss": 0.04183864143366615
}