{
            "regression": "Total",
            "loss": "MSE",
            "nb_parameters": 19989.0,
            "time_elapsed": 18.805458545684814,
            "hparams": {
                        "encoder": [
                                    6,
                                    64,
                                    64,
                                    8
                        ],
                        "decoder": [
                                    8,
                                    64,
                                    64,
                                    5
                        ],
                        "nb_hidden_layers": 3,
                        "size_hidden_layers": 64,
                        "batch_size": 1,
                        "nb_epochs": 10,
                        "lr": 0.001,
                        "bn_bool": true,
                        "subsampling": 32000
            },
            "train_loss_surf": 7.850775400797526,
            "train_loss_surf_var": [
                        3.4757626056671143,
                        1.7447766065597534,
                        0.05579663813114166,
                        4.518408298492432,
                        29.459129333496094
            ],
            "train_loss_vol": 1.067388931910197,
            "train_loss_vol_var": [
                        1.1559337377548218,
                        1.0866971015930176,
                        1.1335488557815552,
                        1.1455748081207275,
                        0.815188467502594
            ],
            "val_loss_surf": 2.6438149114449825,
            "val_loss_surf_var": [
                        0.9868370418747267,
                        1.7492113560438156,
                        0.04413501964882016,
                        1.3306515291333199,
                        9.108239114284515
            ],
            "val_loss_vol": 0.6057388695577779,
            "val_loss_vol_var": [
                        0.4677786162743966,
                        0.9297820602854093,
                        0.7004111260175705,
                        0.48523620516061783,
                        0.4454862413307031
            ]
}{
            "regression": "Total",
            "loss": "MSE",
            "nb_parameters": 19989.0,
            "time_elapsed": 18.141998529434204,
            "hparams": {
                        "encoder": [
                                    6,
                                    64,
                                    64,
                                    8
                        ],
                        "decoder": [
                                    8,
                                    64,
                                    64,
                                    5
                        ],
                        "nb_hidden_layers": 3,
                        "size_hidden_layers": 64,
                        "batch_size": 1,
                        "nb_epochs": 10,
                        "lr": 0.001,
                        "bn_bool": true,
                        "subsampling": 1000
            },
            "train_loss_surf": 7.719329198201497,
            "train_loss_surf_var": [
                        3.423915147781372,
                        1.2877823114395142,
                        0.01971866935491562,
                        4.323846340179443,
                        29.541379928588867
            ],
            "train_loss_vol": 1.0375993251800537,
            "train_loss_vol_var": [
                        1.138860821723938,
                        0.9800090193748474,
                        1.1582602262496948,
                        1.0972384214401245,
                        0.8136284351348877
            ],
            "val_loss_surf": 2.5255736509958897,
            "val_loss_surf_var": [
                        0.9608079139143229,
                        1.2908023099104566,
                        0.005621820824065555,
                        1.2186153003325062,
                        9.152020514011383
            ],
            "val_loss_vol": 0.5652943334231773,
            "val_loss_vol_var": [
                        0.45680800328652066,
                        0.7525966515143715,
                        0.7201846850415072,
                        0.4537359531968832,
                        0.44314631074666977
            ]
}{
            "regression": "Total",
            "loss": "MSE",
            "nb_parameters": 19989.0,
            "time_elapsed": 17.654719829559326,
            "hparams": {
                        "encoder": [
                                    6,
                                    64,
                                    64,
                                    8
                        ],
                        "decoder": [
                                    8,
                                    64,
                                    64,
                                    5
                        ],
                        "nb_hidden_layers": 3,
                        "size_hidden_layers": 64,
                        "batch_size": 1,
                        "nb_epochs": 10,
                        "lr": 0.001,
                        "bn_bool": true,
                        "subsampling": 1000
            },
            "train_loss_surf": 7.806042353312175,
            "train_loss_surf_var": [
                        3.409419059753418,
                        1.5478407144546509,
                        0.06914729624986649,
                        4.4476799964904785,
                        29.556108474731445
            ],
            "train_loss_vol": 1.0431261857350667,
            "train_loss_vol_var": [
                        1.137768030166626,
                        1.0054962635040283,
                        1.1329880952835083,
                        1.12528395652771,
                        0.8140948414802551
            ],
            "val_loss_surf": 2.601829379796982,
            "val_loss_surf_var": [
                        0.9535020763675371,
                        1.5520331164201095,
                        0.058225725001345076,
                        1.2854912870874005,
                        9.159894386927284
            ],
            "val_loss_vol": 0.5809646124641099,
            "val_loss_vol_var": [
                        0.46271190606057644,
                        0.8236161420742668,
                        0.7011837859948478,
                        0.47398756071925163,
                        0.44332357371846837
            ]
}{
            "regression": "Total",
            "loss": "MSE",
            "nb_parameters": 19989.0,
            "time_elapsed": 18.099066019058228,
            "hparams": {
                        "encoder": [
                                    6,
                                    64,
                                    64,
                                    8
                        ],
                        "decoder": [
                                    8,
                                    64,
                                    64,
                                    5
                        ],
                        "nb_hidden_layers": 3,
                        "size_hidden_layers": 64,
                        "batch_size": 1,
                        "nb_epochs": 10,
                        "lr": 0.001,
                        "bn_bool": true,
                        "subsampling": 1000
            },
            "train_loss_surf": 7.885077158610026,
            "train_loss_surf_var": [
                        3.4152679443359375,
                        1.8362594842910767,
                        0.06806158274412155,
                        4.59470272064209,
                        29.511093139648438
            ],
            "train_loss_vol": 1.075269301732381,