{
            "regression": "Total",
            "loss": "MSE",
            "nb_parameters": 75245.0,
            "time_elapsed": 60.45416879653931,
            "hparams": {
                        "encoder": [
                                    6,
                                    64,
                                    64,
                                    8
                        ],
                        "decoder": [
                                    8,
                                    64,
                                    64,
                                    5
                        ],
                        "base_nb": 8,
                        "batch_size": 1,
                        "nb_epochs": 30,
                        "lr": 0.01,
                        "subsampling": 32000
            },
            "train_loss_surf": 7.812764485677083,
            "train_loss_surf_var": [
                        3.4177896976470947,
                        1.5977445840835571,
                        0.07761099934577942,
                        4.409674167633057,
                        29.561010360717773
            ],
            "train_loss_vol": 1.0773674647013347,
            "train_loss_vol_var": [
                        1.1609474420547485,
                        1.1318758726119995,
                        1.1318180561065674,
                        1.1483389139175415,
                        0.8138565421104431
            ],
            "val_loss_surf": 2.6102670927842464,
            "val_loss_surf_var": [
                        0.9577146507799625,
                        1.6005228509505585,
                        0.06682506948709488,
                        1.2634892997642355,
                        9.162783364454903
            ],
            "val_loss_vol": 0.6275781442721686,
            "val_loss_vol_var": [
                        0.48920992699762184,
                        0.9972633769114813,
                        0.7001414212087789,
                        0.508169491464893,
                        0.44310641785462695
            ]
}