{
            "regression": "Total",
            "loss": "MSE",
            "nb_parameters": 29333.0,
            "time_elapsed": 85445.36787629128,
            "hparams": {
                        "encoder": [
                                    8,
                                    64,
                                    64,
                                    8
                        ],
                        "decoder": [
                                    8,
                                    64,
                                    64,
                                    5
                        ],
                        "nb_hidden_layers": 3,
                        "size_hidden_layers": 64,
                        "batch_size": 1,
                        "nb_epochs": 400,
                        "lr": 0.001,
                        "max_neighbors": 5,
                        "bn_bool": true,
                        "subsampling": 32000,
                        "r": 0.05
            },
            "train_loss_surf": 0.023993542080833798,
            "train_loss_surf_var": [
                        0.005859703756868839,
                        0.008223754353821278,
                        0.0024308403953909874,
                        0.007584688253700733,
                        0.09586875885725021
            ],
            "train_loss_vol": 0.004239328323848664,
            "train_loss_vol_var": [
                        0.002677044365555048,
                        0.00556455971673131,
                        0.004531631246209145,
                        0.0029022416565567255,
                        0.00552118755877018
            ],
            "val_loss_surf": 0.15384431074882202,
            "val_loss_surf_var": [
                        0.08552741396382636,
                        0.00746727835929185,
                        0.002784974192227647,
                        0.10590866415514566,
                        0.5675332094125743
            ],
            "val_loss_vol": 0.019362425804779548,
            "val_loss_vol_var": [
                        0.027542030511305916,
                        0.01604102979598489,
                        0.012249799566612906,
                        0.026548548966742663,
                        0.014430718683164468
            ],
            "mean_out": [
                        0.997614324092865,
                        0.05822429805994034,
                        0.00889956671744585,
                        1.7859368324279785,
                        8.520916938781738
            ],
            "std_out": [
                        0.006046931724995375,
                        0.04685685411095619,
                        0.03721456229686737,
                        0.01004050299525261,
                        259.51287841796875
            ]
}