{
            "regression": "Total",
            "loss": "MSE",
            "nb_parameters": 75373.0,
            "time_elapsed": 802.3037605285645,
            "hparams": {
                        "encoder": [
                                    8,
                                    64,
                                    64,
                                    8
                        ],
                        "decoder": [
                                    8,
                                    64,
                                    64,
                                    5
                        ],
                        "base_nb": 8,
                        "batch_size": 1,
                        "nb_epochs": 400,
                        "lr": 0.001,
                        "subsampling": 32000
            },
            "train_loss_surf": 2.2974075741238065,
            "train_loss_surf_var": [
                        0.06555013358592987,
                        0.9588695168495178,
                        0.4522209167480469,
                        0.15814870595932007,
                        9.852248191833496
            ],
            "train_loss_vol": 0.10218464665942723,
            "train_loss_vol_var": [
                        0.017094548791646957,
                        0.0954555943608284,
                        0.051592063158750534,
                        0.024263925850391388,
                        0.322517067193985
            ],
            "val_loss_surf": 1.694792499144872,
            "val_loss_surf_var": [
                        0.22220206509033838,
                        1.9123037829995155,
                        0.6107624393577376,
                        0.3585848306926589,
                        5.370109260082245
            ],
            "val_loss_vol": 0.23437512200325727,
            "val_loss_vol_var": [
                        0.11643032698581617,
                        0.3371717520058155,
                        0.16749806283041835,
                        0.1457301711974045,
                        0.40504528240611143
            ],
            "coef_norm": [
                        [
                                    0.574105978012085,
                                    0.008970320224761963,
                                    1.0,
                                    0.09882092475891113,
                                    0.009029087610542774,
                                    1.000000013351432e-10,
                                    1.000000013351432e-10,
                                    -0.03480095416307449
                        ],
                        [
                                    0.40350422263145447,
                                    0.09933889657258987,
                                    0.0,
                                    0.0015298874350264668,
                                    0.01202271319925785,
                                    0.0,
                                    0.0,
                                    0.07555890083312988
                        ],
                        [
                                    0.9978830814361572,
                                    0.06329218298196793,
                                    0.007528231013566256,
                                    1.7864923477172852,
                                    12.045220375061035
                        ],
                        [
                                    0.006916576996445656,
                                    0.04369058459997177,
                                    0.03886667266488075,
                                    0.011352474801242352,
                                    294.44580078125
                        ]
            ]
}