{
            "regression": "Total",
            "loss": "MSE",
            "nb_parameters": 19925.0,
            "time_elapsed": 2965.202779531479,
            "hparams": {
                        "encoder": [
                                    5,
                                    64,
                                    64,
                                    8
                        ],
                        "decoder": [
                                    8,
                                    64,
                                    64,
                                    5
                        ],
                        "nb_hidden_layers": 3,
                        "size_hidden_layers": 64,
                        "batch_size": 1,
                        "nb_epochs": 400,
                        "lr": 0.001,
                        "bn_bool": true,
                        "subsampling": 32000
            },
            "train_loss": 0.04255940257639125,
            "val_loss": 0.040633423344439104
}