{
            "regression": "Total",
            "loss": "MSE",
            "nb_parameters": 29205.0,
            "time_elapsed": 7217.3284113407135,
            "hparams": {
                        "encoder": [
                                    6,
                                    64,
                                    64,
                                    8
                        ],
                        "decoder": [
                                    8,
                                    64,
                                    64,
                                    5
                        ],
                        "nb_hidden_layers": 3,
                        "size_hidden_layers": 64,
                        "batch_size": 1,
                        "nb_epochs": 400,
                        "lr": 0.001,
                        "max_neighbors": 5,
                        "bn_bool": true,
                        "subsampling": 32000,
                        "r": 0.05
            },
            "train_loss_surf": 4.331521170479911,
            "train_loss_surf_var": [
                        1.662627100944519,
                        0.061317674815654755,
                        0.09041198343038559,
                        2.0568034648895264,
                        17.786441802978516
            ],
            "train_loss_vol": 0.5789799917311895,
            "train_loss_vol_var": [
                        0.5887435078620911,
                        0.555610179901123,
                        0.6259125471115112,
                        0.5735329389572144,
                        0.5510993599891663
            ],
            "val_loss_surf": 2.0305164278795322,
            "val_loss_surf_var": [
                        0.8991055729540272,
                        0.0694450763752684,
                        0.036151671670247916,
                        1.1141092993008592,
                        8.03377033571402
            ],
            "val_loss_vol": 0.493196503761121,
            "val_loss_vol_var": [
                        0.4682361791634725,
                        0.5450153831030347,
                        0.5509321422937016,
                        0.47382410830274857,
                        0.42797466325056216
            ]
}