{
            "regression": "Total",
            "loss": "MSE",
            "nb_parameters": 19925.0,
            "time_elapsed": 136.03910517692566,
            "hparams": {
                        "encoder": [
                                    5,
                                    64,
                                    64,
                                    8
                        ],
                        "decoder": [
                                    8,
                                    64,
                                    64,
                                    5
                        ],
                        "nb_hidden_layers": 3,
                        "size_hidden_layers": 64,
                        "batch_size": 1,
                        "nb_epochs": 50,
                        "lr": 0.001,
                        "bn_bool": true,
                        "subsampling": 32000
            },
            "train_loss": 0.04599558171771821,
            "val_loss": 0.041400787834492
}{
            "regression": "Total",
            "loss": "MSE",
            "nb_parameters": 19925.0,
            "time_elapsed": 129.14897227287292,
            "hparams": {
                        "encoder": [
                                    5,
                                    64,
                                    64,
                                    8
                        ],
                        "decoder": [
                                    8,
                                    64,
                                    64,
                                    5
                        ],
                        "nb_hidden_layers": 3,
                        "size_hidden_layers": 64,
                        "batch_size": 1,
                        "nb_epochs": 50,
                        "lr": 0.001,
                        "bn_bool": true,
                        "subsampling": 32000
            },
            "train_loss": 0.04626535233997163,
            "val_loss": 0.04164984980080691
}