{
            "regression": "Total",
            "loss": "MSE",
            "nb_parameters": 29141.0,
            "time_elapsed": 21769.378602981567,
            "hparams": {
                        "encoder": [
                                    5,
                                    64,
                                    64,
                                    8
                        ],
                        "decoder": [
                                    8,
                                    64,
                                    64,
                                    5
                        ],
                        "nb_hidden_layers": 3,
                        "size_hidden_layers": 64,
                        "batch_size": 1,
                        "nb_epochs": 400,
                        "lr": 0.001,
                        "max_neighbors": 5,
                        "bn_bool": true,
                        "subsampling": 32000,
                        "r": 0.05
            },
            "train_loss": 0.04275460470290411,
            "val_loss": 0.044587292035834655
}