{
            "regression": "Total",
            "loss": "MSE",
            "nb_parameters": 20117.0,
            "time_elapsed": 688.7674205303192,
            "hparams": {
                        "encoder": [
                                    8,
                                    64,
                                    64,
                                    8
                        ],
                        "decoder": [
                                    8,
                                    64,
                                    64,
                                    5
                        ],
                        "nb_hidden_layers": 3,
                        "size_hidden_layers": 64,
                        "batch_size": 1,
                        "nb_epochs": 400,
                        "lr": 0.001,
                        "bn_bool": true,
                        "subsampling": 10000
            },
            "train_loss_surf": 0.21532395150926378,
            "train_loss_surf_var": [
                        0.013379300944507122,
                        0.21540674567222595,
                        0.06319422274827957,
                        0.022755546495318413,
                        0.7618840336799622
            ],
            "train_loss_vol": 0.02331024408340454,
            "train_loss_vol_var": [
                        0.006301586981862783,
                        0.02994239702820778,
                        0.0157054141163826,
                        0.007806984707713127,
                        0.05679482966661453
            ],
            "val_loss_surf": 0.71790307170401,
            "val_loss_surf_var": [
                        0.156591636283944,
                        0.4418954715753595,
                        0.20859505158538613,
                        0.2125515218746538,
                        2.569881546000639
            ],
            "val_loss_vol": 0.15033885231241584,
            "val_loss_vol_var": [
                        0.08216839021770284,
                        0.19789827289059758,
                        0.15482532271804905,
                        0.08960563710813102,
                        0.22719662310555577
            ],
            "coef_norm": [
                        [
                                    0.574105978012085,
                                    0.008970320224761963,
                                    1.0,
                                    0.09882092475891113,
                                    0.009029087610542774,
                                    1.000000013351432e-10,
                                    1.000000013351432e-10,
                                    -0.03480095416307449
                        ],
                        [
                                    0.40350422263145447,
                                    0.09933889657258987,
                                    0.0,
                                    0.0015298874350264668,
                                    0.01202271319925785,
                                    0.0,
                                    0.0,
                                    0.07555890083312988
                        ],
                        [
                                    0.9978830814361572,
                                    0.06329218298196793,
                                    0.007528231013566256,
                                    1.7864923477172852,
                                    12.045220375061035
                        ],
                        [
                                    0.006916576996445656,
                                    0.04369058459997177,
                                    0.03886667266488075,
                                    0.011352474801242352,
                                    294.44580078125
                        ]
            ]
}