{
            "regression": "Total",
            "loss": "MSE",
            "nb_parameters": 75181.0,
            "time_elapsed": 356.72438788414,
            "hparams": {
                        "encoder": [
                                    5,
                                    64,
                                    64,
                                    8
                        ],
                        "decoder": [
                                    8,
                                    64,
                                    64,
                                    5
                        ],
                        "base_nb": 8,
                        "batch_size": 1,
                        "nb_epochs": 50,
                        "lr": 0.001,
                        "subsampling": 32000
            },
            "train_loss": 0.22782682237170993,
            "val_loss": 0.22057373511294523
}