{
            "regression": "Total",
            "loss": "MSE",
            "nb_parameters": 75245.0,
            "time_elapsed": 452.3315227031708,
            "hparams": {
                        "encoder": [
                                    6,
                                    64,
                                    64,
                                    8
                        ],
                        "decoder": [
                                    8,
                                    64,
                                    64,
                                    5
                        ],
                        "base_nb": 8,
                        "batch_size": 1,
                        "nb_epochs": 500,
                        "lr": 0.001,
                        "subsampling": 32000
            },
            "train_loss_surf": 7.297207514444987,
            "train_loss_surf_var": [
                        3.2077083587646484,
                        0.1563115268945694,
                        0.0770542174577713,
                        4.0466790199279785,
                        28.99829864501953
            ],
            "train_loss_vol": 0.9642566045125326,
            "train_loss_vol_var": [
                        1.0776951313018799,
                        0.8485791683197021,
                        1.054602026939392,
                        1.036812663078308,
                        0.8035948872566223
            ],
            "val_loss_surf": 2.24698588748773,
            "val_loss_surf_var": [
                        0.9272328106065592,
                        0.21894216413299242,
                        0.0467902290596006,
                        1.1501299018661184,
                        8.891833980878195
            ],
            "val_loss_vol": 0.5266214404255152,
            "val_loss_vol_var": [
                        0.44857498724013567,
                        0.6549059314032397,
                        0.6466762671868005,
                        0.4406101048613588,
                        0.4423398785293102
            ]
}