{
            "regression": "Total",
            "loss": "MSE",
            "nb_parameters": 75245.0,
            "time_elapsed": 6.329871416091919,
            "hparams": {
                        "encoder": [
                                    6,
                                    64,
                                    64,
                                    8
                        ],
                        "decoder": [
                                    8,
                                    64,
                                    64,
                                    5
                        ],
                        "base_nb": 8,
                        "batch_size": 1,
                        "nb_epochs": 1,
                        "lr": 0.001,
                        "subsampling": 32000
            },
            "train_loss_surf": 7.863716761271159,
            "train_loss_surf_var": [
                        3.4387571811676025,
                        1.658880352973938,
                        0.04852386191487312,
                        4.508056163787842,
                        29.66436004638672
            ],
            "train_loss_vol": 1.085226058959961,
            "train_loss_vol_var": [
                        1.1635702848434448,
                        1.1329337358474731,
                        1.1469730138778687,
                        1.1632359027862549,
                        0.8194160461425781
            ],
            "val_loss_surf": 2.6203951885302867,
            "val_loss_surf_var": [
                        0.9580225932101408,
                        1.666727463404338,
                        0.05100690418233476,
                        1.2628474322458105,
                        9.163371443748474
            ],
            "val_loss_vol": 0.6267495416104794,
            "val_loss_vol_var": [
                        0.4892531894147396,
                        0.9938885569572449,
                        0.699914282808701,
                        0.5076557944218317,
                        0.44303582484523457
            ]
}{
            "regression": "Total",
            "loss": "MSE",
            "nb_parameters": 75245.0,
            "time_elapsed": 6.302263259887695,
            "hparams": {
                        "encoder": [
                                    6,
                                    64,
                                    64,
                                    8
                        ],
                        "decoder": [
                                    8,
                                    64,
                                    64,
                                    5
                        ],
                        "base_nb": 8,
                        "batch_size": 1,
                        "nb_epochs": 1,
                        "lr": 0.001,
                        "subsampling": 32000
            },
            "train_loss_surf": 7.8116200764973955,
            "train_loss_surf_var": [
                        3.4182519912719727,
                        1.6272984743118286,
                        0.08011238276958466,
                        4.392503261566162,
                        29.539947509765625
            ],
            "train_loss_vol": 1.0799293518066406,
            "train_loss_vol_var": [
                        1.1618961095809937,
                        1.1335546970367432,
                        1.138353943824768,
                        1.151149034500122,
                        0.8146924376487732
            ],
            "val_loss_surf": 2.6076055566469822,
            "val_loss_surf_var": [
                        0.9525484722107649,
                        1.6126441061496735,
                        0.06645384586105745,
                        1.251848654821515,
                        9.154532253742218
            ],
            "val_loss_vol": 0.6268387623131275,
            "val_loss_vol_var": [
                        0.4863879984865586,
                        0.9956194286545118,
                        0.6967231060067811,
                        0.5118475016206503,
                        0.4436156861484051
            ]
}{
            "regression": "Total",
            "loss": "MSE",
            "nb_parameters": 75245.0,
            "time_elapsed": 6.43411111831665,
            "hparams": {
                        "encoder": [
                                    6,
                                    64,
                                    64,
                                    8
                        ],
                        "decoder": [
                                    8,
                                    64,
                                    64,
                                    5
                        ],
                        "base_nb": 8,
                        "batch_size": 1,
                        "nb_epochs": 1,
                        "lr": 0.001,
                        "subsampling": 32000
            },
            "train_loss_surf": 7.827261606852214,
            "train_loss_surf_var": [
                        3.4255359172821045,
                        1.6913046836853027,
                        0.06984786689281464,
                        4.41769552230835,
                        29.53192710876465
            ],
            "train_loss_vol": 1.0805806318918865,
            "train_loss_vol_var": [
                        1.166297197341919,
                        1.130903720855713,
                        1.1358321905136108,
                        1.1532472372055054,
                        0.816622257232666
            ],
            "val_loss_surf": 2.61016121506691,
            "val_loss_surf_var": [
                        0.9564257810513178,
                        1.6182084679603577,
                        0.06346727752437194,
                        1.2557721224923926,
                        9.156932413578033
            ],
            "val_loss_vol": 0.6279347948729992,
            "val_loss_vol_var": [
                        0.48984788296123344,
                        0.9957864781220754,
                        0.699934228012959,
                        0.5107831271986166,
                        0.44332222019632656
            ]
}{
            "regression": "Total",
            "loss": "MSE",
            "nb_parameters": 75245.0,
            "time_elapsed": 6.166809797286987,
            "hparams": {
                        "encoder": [
                                    6,
                                    64,
                                    64,
                                    8
                        ],
                        "decoder": [
                                    8,
                                    64,
                                    64,
                                    5
                        ],
                        "base_nb": 8,
                        "batch_size": 1,
                        "nb_epochs": 1,
                        "lr": 0.001,
                        "subsampling": 32000
            },
            "train_loss_surf": 7.821577707926433,
            "train_loss_surf_var": [
                        3.4273717403411865,
                        1.636730670928955,
                        0.05826206132769585,
                        4.436163902282715,
                        29.54937171936035
            ],
            "train_loss_vol": 1.078370173772176,
            "train_loss_vol_var": [
                        1.1609588861465454,
                        1.1317064762115479,
                        1.1366101503372192,
                        1.1479300260543823,
                        0.8146451115608215
            ],
            "val_loss_surf": 2.6018645515044536,