{
            "regression": "Total",
            "loss": "MSE",
            "nb_parameters": 75373.0,
            "time_elapsed": 25115.121727228165,
            "hparams": {
                        "encoder": [
                                    8,
                                    64,
                                    64,
                                    8
                        ],
                        "decoder": [
                                    8,
                                    64,
                                    64,
                                    5
                        ],
                        "base_nb": 8,
                        "batch_size": 1,
                        "nb_epochs": 400,
                        "lr": 0.001,
                        "subsampling": 32000
            },
            "train_loss_surf": 0.04261979602632068,
            "train_loss_surf_var": [
                        0.012494251132011414,
                        0.012678558006882668,
                        0.00563207408413291,
                        0.01600331999361515,
                        0.16629065573215485
            ],
            "train_loss_vol": 0.006874698305886889,
            "train_loss_vol_var": [
                        0.00473628519102931,
                        0.008767552673816681,
                        0.0076009854674339294,
                        0.004932492971420288,
                        0.008336231112480164
            ],
            "val_loss_surf": 0.30880117985954575,
            "val_loss_surf_var": [
                        0.16842864074440303,
                        0.012184808421793779,
                        0.006199228897619632,
                        0.20705227877090998,
                        1.150140941656988
            ],
            "val_loss_vol": 0.03331237049488765,
            "val_loss_vol_var": [
                        0.05035411099778244,
                        0.02270743327939677,
                        0.019948926725191996,
                        0.0478451201093978,
                        0.02570625851577562
            ],
            "mean_in": [
                        0.997614324092865,
                        0.05822429805994034,
                        0.00889956671744585,
                        1.7859368324279785,
                        8.520916938781738
            ],
            "std_in": [
                        0.006046931724995375,
                        0.04685685411095619,
                        0.03721456229686737,
                        0.01004050299525261,
                        259.51287841796875
            ]
}