{
            "regression": "Total",
            "loss": "MSE",
            "nb_parameters": 65949.0,
            "time_elapsed": 208153.6405901909,
            "hparams": {
                        "encoder": [
                                    8,
                                    64,
                                    64,
                                    8
                        ],
                        "decoder": [
                                    8,
                                    64,
                                    64,
                                    5
                        ],
                        "layer": "SAGE",
                        "pool": "random",
                        "nb_scale": 5,
                        "pool_ratio": [
                                    0.5,
                                    0.5,
                                    0.5,
                                    0.5
                        ],
                        "list_r": [
                                    0.05,
                                    0.2,
                                    0.5,
                                    1,
                                    10
                        ],
                        "size_hidden_layers": 8,
                        "batchnorm": true,
                        "res": false,
                        "batch_size": 1,
                        "nb_epochs": 400,
                        "lr": 0.001,
                        "max_neighbors": 5,
                        "subsampling": 32000,
                        "r": 0.05
            },
            "train_loss_surf": 0.03808052426292783,
            "train_loss_surf_var": [
                        0.008837178349494934,
                        0.010104065760970116,
                        0.006128062028437853,
                        0.011284790001809597,
                        0.15404850244522095
            ],
            "train_loss_vol": 0.006370130417838929,
            "train_loss_vol_var": [
                        0.004061089362949133,
                        0.008091309107840061,
                        0.006697640288621187,
                        0.004391441587358713,
                        0.00860912911593914
            ],
            "val_loss_surf": 0.21526718753888016,
            "val_loss_surf_var": [
                        0.12122788944065513,
                        0.01019786604385849,
                        0.006477881292389442,
                        0.14958065252510197,
                        0.788851633461244
            ],
            "val_loss_vol": 0.026417949119236762,
            "val_loss_vol_var": [
                        0.037497676687589444,
                        0.02138461604216395,
                        0.017017096938733524,
                        0.0363102062456784,
                        0.019880147443769532
            ],
            "mean_out": [
                        0.997614324092865,
                        0.05822429805994034,
                        0.00889956671744585,
                        1.7859368324279785,
                        8.520916938781738
            ],
            "std_out": [
                        0.006046931724995375,
                        0.04685685411095619,
                        0.03721456229686737,
                        0.01004050299525261,
                        259.51287841796875
            ]
}