{
            "regression": "Total",
            "loss": "MSE",
            "nb_parameters": 75373.0,
            "time_elapsed": 7961.517644882202,
            "hparams": {
                        "encoder": [
                                    8,
                                    64,
                                    64,
                                    8
                        ],
                        "decoder": [
                                    8,
                                    64,
                                    64,
                                    5
                        ],
                        "base_nb": 8,
                        "batch_size": 1,
                        "nb_epochs": 400,
                        "lr": 0.001,
                        "subsampling": 32000
            },
            "train_loss_surf": 0.06190682294075949,
            "train_loss_surf_var": [
                        0.015301421284675598,
                        0.01997658796608448,
                        0.010906041599810123,
                        0.01869208738207817,
                        0.24465787410736084
            ],
            "train_loss_vol": 0.010421450723681534,
            "train_loss_vol_var": [
                        0.006194913759827614,
                        0.014182763174176216,
                        0.011413387954235077,
                        0.006734940223395824,
                        0.013581235893070698
            ],
            "val_loss_surf": 0.1229018183132889,
            "val_loss_surf_var": [
                        0.0552518255340949,
                        0.01851426397379507,
                        0.009438885778460339,
                        0.06746465874169315,
                        0.4638394480023315
            ],
            "val_loss_vol": 0.0219105141883369,
            "val_loss_vol_var": [
                        0.021744844814712266,
                        0.02667350388889877,
                        0.019331680516616493,
                        0.021916350977798912,
                        0.01988618935609017
            ],
            "mean_in": [
                        0.9976206421852112,
                        0.058301378041505814,
                        0.008455074392259121,
                        1.7859447002410889,
                        8.0709867477417
            ],
            "std_in": [
                        0.005986212287098169,
                        0.046805959194898605,
                        0.036844611167907715,
                        0.009944004006683826,
                        261.1017761230469
            ]
}